model,question_id,prompt,answer,first_token_ms,total_ms,tokens,tokens_per_sec
llama3.2 (Ollama),1,What is a RAG system? Answer in two sentences.,"A RAG (Red, Amber, Green) system is a quality control and management framework used to assess and track the performance of processes, teams, or individuals in a structured and measurable way. It typically consists of three colors - Red (not meeting requirements), Amber (near to meeting requirements), and Green (exceeding requirements) - used to indicate the level of performance and to take corrective actions accordingly.",83,1966,83,42.2
llama3.2 (Ollama),2,What does a vector database do? Answer in two sentences.,"A vector database is a type of database that stores and manages large collections of vectors, which are mathematical representations of data such as text, images, or audio, and provides efficient querying and similarity search capabilities. By indexing and querying vectors, vector databases enable fast and accurate searching, clustering, and recommendation algorithms, making them a powerful tool for applications such as information retrieval, recommender systems, and computer vision.",40,2094,82,39.2
llama3.2 (Ollama),3,Explain what an embedding is in two sentences.,"An embedding is a process of mapping a high-dimensional space to a lower-dimensional space while preserving the relationships and structure of the original data. This allows complex data to be represented in a more manageable and interpretable form, making it easier to analyze, visualize, and learn from.",39,1521,56,36.8
llama3.2 (Ollama),4,What is the difference between precision and recall? Answer in two sentences.,"Precision refers to the proportion of true positive predictions out of all positive predictions made by a model, while recall refers to the proportion of true positive predictions out of all actual positive instances. In other words, precision measures how accurate the model is when it predicts a positive outcome, while recall measures how well the model detects all actual positive instances.",46,1805,68,37.7
llama3.2 (Ollama),5,What is chunking in RAG? Answer in two sentences.,I apologize but I am unable to verify the definition of chunking in RAG.,41,464,18,38.8
gemini (cloud),1,What is a RAG system? Answer in two sentences.,"A Retrieval-Augmented Generation (RAG) system is an AI framework that connects a large language model to an external knowledge base to retrieve relevant information before generating a response. By grounding the model's output in this retrieved data, the system produces more accurate, up-to-date answers and significantly reduces hallucinations.",3006,3223,64,19.9
gemini (cloud),2,What does a vector database do? Answer in two sentences.,"A vector database stores and indexes high-dimensional numerical representations of data, known as embeddings, which capture the semantic meaning of unstructured information like text, images, and audio. It enables fast similarity searches, allowing applications to find and retrieve data that is conceptually related rather than relying on exact keyword matches.",6710,6711,59,8.8
gemini (cloud),3,Explain what an embedding is in two sentences.,"An embedding is a way of converting complex data—such as words, images, or audio—into a list of numbers called a vector. This representation allows computers to understand relationships and meaning because conceptually similar items are placed close to one another in the mathematical space.",4299,4300,52,12.1
gemini (cloud),4,What is the difference between precision and recall? Answer in two sentences.,"**Precision** measures the accuracy of positive predictions by showing what proportion of the items identified as positive were actually correct. In contrast, **recall** measures completeness by showing what proportion of all actual positive items the model successfully identified.",4849,4865,45,9.2
gemini (cloud),5,What is chunking in RAG? Answer in two sentences.,"In Retrieval-Augmented Generation (RAG), chunking is the process of breaking down large documents into smaller, manageable pieces of text. This ensures the system can create accurate vector embeddings and retrieve only the most relevant context needed to answer a user's query.",5626,5631,52,9.2
