model,question_id,answer_relevancy,faithfulness,context_precision,noise_sensitivity,latency_ms
llama3.2 (Ollama),1,0.848,0.619,0.886,0.294,2829.621
llama3.2 (Ollama),2,0.939,0.781,0.854,0.095,4076.351
llama3.2 (Ollama),3,0.667,0.863,0.79,0.338,4051.95
llama3.2 (Ollama),4,0.602,0.677,0.529,0.34,4710.825
llama3.2 (Ollama),5,0.841,0.577,0.937,0.363,5224.342
llama3.2 (Ollama),6,0.588,0.633,0.52,0.104,4890.671
llama3.2 (Ollama),7,0.835,0.884,0.647,0.18,4143.445
llama3.2 (Ollama),8,0.585,0.465,0.714,0.129,4844.349
llama3.2 (Ollama),9,0.697,0.816,0.815,0.159,5412.909
llama3.2 (Ollama),10,0.862,0.594,0.63,0.289,2989.134
llama3.2 (Ollama),11,0.59,0.404,0.854,0.283,4968.079
llama3.2 (Ollama),12,0.851,0.629,0.756,0.099,2900.855
llama3.2 (Ollama),13,0.801,0.636,0.754,0.318,4721.514
llama3.2 (Ollama),14,0.749,0.68,0.637,0.061,4028.511
llama3.2 (Ollama),15,0.597,0.604,0.884,0.132,2704.06
llama3.2 (Ollama),16,0.627,0.547,0.798,0.245,5243.644
llama3.2 (Ollama),17,0.799,0.603,0.866,0.108,2579.492
llama3.2 (Ollama),18,0.541,0.761,0.708,0.106,4253.657
llama3.2 (Ollama),19,0.569,0.748,0.701,0.183,3555.292
llama3.2 (Ollama),20,0.784,0.581,0.539,0.091,5866.642
gemini (cloud),1,0.909,0.75,0.62,0.389,1734.501
gemini (cloud),2,0.823,0.625,0.623,0.084,1883.123
gemini (cloud),3,0.705,0.501,0.638,0.253,1012.127
gemini (cloud),4,0.885,0.779,0.824,0.201,1552.771
gemini (cloud),5,0.763,0.725,0.538,0.196,849.937
gemini (cloud),6,0.722,0.565,0.565,0.086,1505.173
gemini (cloud),7,0.577,0.863,0.761,0.171,1509.099
gemini (cloud),8,0.51,0.879,0.717,0.324,899.276
gemini (cloud),9,0.719,0.645,0.922,0.25,1368.187
gemini (cloud),10,0.62,0.566,0.734,0.204,825.934
gemini (cloud),11,0.872,0.848,0.563,0.244,930.291
gemini (cloud),12,0.803,0.541,0.797,0.304,1722.377
gemini (cloud),13,0.548,0.858,0.604,0.063,1465.823
gemini (cloud),14,0.667,0.815,0.864,0.161,1943.479
gemini (cloud),15,0.631,0.658,0.615,0.378,997.529
gemini (cloud),16,0.52,0.618,0.947,0.362,1698.33
gemini (cloud),17,0.901,0.847,0.733,0.161,1726.415
gemini (cloud),18,0.798,0.587,0.543,0.311,1114.953
gemini (cloud),19,0.922,0.52,0.555,0.341,983.941
gemini (cloud),20,0.581,0.7,0.894,0.119,1172.388
